{"distance":292.5813804503026,"totalEnergy":398866,"hunger":6.05288888888888,"reachedMilestones":[]}