{"distance":958.5238705355732,"totalEnergy":966101,"hunger":13.216444444444434,"reachedMilestones":[500]}