{"distance":1057.0824323586396,"totalEnergy":1006739,"hunger":2.781444444444444,"reachedMilestones":[500]}