{"distance":1329.6399514883065,"totalEnergy":1129945,"hunger":1.1894166666666672,"energy":18547.187496893956,"reachedMilestones":[500,1200]}