{"distance":1701.1534138859847,"totalEnergy":1286706,"hunger":8.654444444444426,"energy":41146.48917464888,"reachedMilestones":[500,1200]}