{"distance":31.778466199995954,"totalEnergy":153506,"hunger":0.7622222222222222,"reachedMilestones":[]}